bank_transaction_id,transaction_reference,transaction_date,received_amount,bank_status
BNK1001,REF-TXN0001,2026-01-02 18:25:00,499.0,SETTLED
BNK1002,REF-TXN0002,2026-01-02 11:31:00,999.0,SETTLED
BNK1003,REF-TXN0003,2026-01-03 17:29:00,499.0,SETTLED
BNK1004,REF-TXN0004,2026-01-04 12:08:00,499.0,SETTLED
BNK1005,REF-TXN0005,2026-01-04 11:29:00,3000.0,SETTLED
BNK1006,REF-TXN0006,2026-01-04 13:31:00,1499.0,SETTLED
BNK1007,REF-TXN0007,2026-01-05 09:47:00,999.0,SETTLED
BNK1008,REF-TXN0008,2026-01-05 20:37:00,1500.0,SETTLED
BNK1009,REF-TXN0009,2026-01-06 10:16:00,3000.0,SETTLED
BNK1010,REF-TXN0010,2026-01-06 17:15:00,999.0,SETTLED
BNK1011,REF-TXN0011,2026-01-06 10:01:00,2500.0,SETTLED
BNK1012,REF-TXN0012,2026-01-07 15:51:00,4999.0,SETTLED
BNK1013,REF-TXN0013,2026-01-06 12:27:00,3000.0,SETTLED
BNK1014,REF-TXN0014,2026-01-07 16:57:00,2500.0,SETTLED
BNK1015,REF-TXN0015,2026-01-07 13:43:00,2500.0,SETTLED
BNK1016,REF-TXN0016,2026-01-08 12:13:00,499.0,SETTLED
BNK1017,REF-TXN0017,2026-01-08 09:27:00,4999.0,SETTLED
BNK1018,REF-TXN0018,2026-01-08 18:46:00,1499.0,SETTLED
BNK1019,REF-TXN0019,2026-01-09 20:13:00,3000.0,SETTLED
BNK1020,REF-TXN0020,2026-01-08 13:47:00,1499.0,SETTLED
BNK1021,REF-TXN0021,2026-01-10 20:13:00,999.0,SETTLED
BNK1022,REF-TXN0022,2026-01-10 17:29:00,12000.0,SETTLED
BNK1023,REF-TXN0023,2026-01-10 17:00:00,499.0,SETTLED
BNK1024,REF-TXN0024,2026-01-11 20:49:00,4999.0,SETTLED
BNK1025,REF-TXN0025,2026-01-10 10:46:00,499.0,SETTLED
BNK1026,REF-TXN0026,2026-01-10 17:39:00,999.0,SETTLED
BNK1027,REF-TXN0027,2026-01-11 10:58:00,1499.0,SETTLED
BNK1028,REF-TXN0028,2026-01-12 17:22:00,1500.0,SETTLED
BNK1029,REF-TXN0029,2026-01-11 20:23:00,2500.0,SETTLED
BNK1030,REF-TXN0030,2026-01-12 09:51:00,1500.0,SETTLED
BNK1031,REF-TXN0031,2026-01-13 11:18:00,1500.0,SETTLED
BNK1032,REF-TXN0032,2026-01-12 17:09:00,12000.0,SETTLED
BNK1033,REF-TXN0033,2026-01-14 20:02:00,12000.0,SETTLED
BNK1034,REF-TXN0034,2026-01-13 16:44:00,999.0,SETTLED
BNK1035,REF-TXN0035,2026-01-13 13:39:00,2500.0,SETTLED
BNK1036,REF-TXN0036,2026-01-14 10:00:00,499.0,SETTLED
BNK1037,REF-TXN0037,2026-01-14 13:22:00,2500.0,SETTLED
BNK1038,REF-TXN0038,2026-01-15 16:24:00,1500.0,SETTLED
BNK1039,REF-TXN0039,2026-01-16 11:49:00,999.0,SETTLED
BNK1040,REF-TXN0040,2026-01-15 14:30:00,1500.0,SETTLED
BNK1041,REF-TXN0041,2026-01-15 14:53:00,4999.0,SETTLED
BNK1042,REF-TXN0042,2026-01-16 11:43:00,1500.0,SETTLED
BNK1043,REF-TXN0043,2026-01-16 12:34:00,2500.0,SETTLED
BNK1044,REF-TXN0044,2026-01-16 08:47:00,499.0,SETTLED
BNK1045,REF-TXN0045,2026-01-17 14:45:00,1500.0,SETTLED
BNK1046,REF-TXN0046,2026-01-18 10:49:00,499.0,SETTLED
BNK1047,REF-TXN0047,2026-01-18 12:37:00,1500.0,SETTLED
BNK1048,REF-TXN0048,2026-01-18 11:24:00,499.0,SETTLED
BNK1049,REF-TXN0049,2026-01-18 17:34:00,1499.0,SETTLED
BNK1050,REF-TXN0050,2026-01-19 10:48:00,999.0,SETTLED
BNK1051,REF-TXN0051,2026-01-19 10:34:00,2500.0,SETTLED
BNK1052,REF-TXN0052,2026-01-20 17:48:00,12000.0,SETTLED
BNK1053,REF-TXN0053,2026-01-20 12:29:00,4999.0,SETTLED
BNK1054,REF-TXN0054,2026-01-20 11:12:00,3000.0,SETTLED
BNK1055,REF-TXN0055,2026-01-20 08:34:00,999.0,SETTLED
BNK1056,REF-TXN0056,2026-01-20 16:39:00,1469.02,SETTLED
BNK1057,REF-TXN0057,2026-01-21 12:45:00,1350.0,SETTLED
BNK1058,REF-TXN0058,2026-01-21 16:28:00,949.05,SETTLED
BNK1059,REF-TXN0059,2026-01-21 19:53:00,1349.1,SETTLED
BNK1060,REF-TXN0060,2026-01-23 13:46:00,2850.0,SETTLED
BNK1061,REF-TXN0061,2026-01-22 09:58:00,11760.0,SETTLED
BNK1062,REF-TXN0062,2026-01-23 20:19:00,2700.0,SETTLED
BNK1063,REF-TXN0063,2026-01-23 08:52:00,979.02,SETTLED
BNK1064,REF-TXN0064,2026-01-23 18:03:00,1469.02,SETTLED
BNK1065,REF-TXN0065,2026-01-23 14:20:00,449.1,SETTLED
BNK1086,REF-TXN0086,2026-01-30 12:01:00,2500.0,SETTLED
BNK1087,REF-TXN0087,2026-01-31 12:00:00,999.0,SETTLED
BNK1088,REF-TXN0088,2026-01-31 20:16:00,12000.0,SETTLED
BNK1089,REF-TXN0089,2026-01-31 10:48:00,499.0,SETTLED
BNK1090,REF-TXN0090,2026-02-01 10:55:00,1500.0,SETTLED
BNK1091,REF-TXN0091,2026-02-02 09:59:00,1499.0,SETTLED
BNK1092,REF-TXN0092,2026-02-02 21:37:00,1500.0,SETTLED
BNK1093,REF-TXN0093,2026-02-15 16:59:00,1499.0,SETTLED
BNK1094,REF-TXN0094,2026-02-11 12:27:00,3000.0,SETTLED
BNK1095,REF-TXN0095,2026-02-11 15:20:00,3000.0,SETTLED
BNK1096,REF-TXN0096,2026-02-15 16:15:00,1499.0,SETTLED
BNK1097,REF-TXN0097,2026-02-12 10:50:00,2500.0,SETTLED
BNK1098,REF-TXN0098,2026-02-13 16:33:00,12000.0,SETTLED
BNK1099,ERR-REF-TXN0099-WRONG,2026-02-05 21:14:00,499.0,SETTLED
BNK1100,ERR-REF-TXN0100-WRONG,2026-02-04 08:47:00,3000.0,SETTLED
BNK1101,ERR-REF-TXN0101-WRONG,2026-02-04 15:42:00,3000.0,SETTLED
BNK1102,ERR-REF-TXN0102-WRONG,2026-02-05 14:32:00,12000.0,SETTLED
BNK1103,ERR-REF-TXN0103-WRONG,2026-02-05 18:00:00,499.0,SETTLED
BNK1104,ERR-REF-TXN0104-WRONG,2026-02-05 09:50:00,12000.0,SETTLED
BNK1105,ERR-REF-TXN0105-WRONG,2026-02-07 08:37:00,12000.0,SETTLED
BNK1106,REF-TXN0106,2026-02-07 13:39:00,6000.0,SETTLED
BNK1107,REF-TXN0107,2026-02-07 10:05:00,249.5,SETTLED
BNK1108,REF-TXN0108,2026-02-07 12:23:00,499.5,SETTLED
BNK1109,REF-TXN0109,2026-02-07 11:52:00,249.5,SETTLED
BNK1110,REF-TXN0110,2026-02-08 11:07:00,499.5,SETTLED
BNK1111,REF-TXN0111,2026-02-08 19:27:00,2499.5,SETTLED
BNK1112,REF-TXN0112,2026-02-08 21:12:00,749.5,SETTLED
BNK1113,UNEXPECTED-REF-113,2026-01-24 00:00:00,3607.76,SETTLED
BNK1114,UNEXPECTED-REF-114,2026-01-24 00:00:00,4021.86,SETTLED
BNK1115,UNEXPECTED-REF-115,2026-01-22 00:00:00,3413.94,SETTLED
BNK1116,UNEXPECTED-REF-116,2026-01-17 00:00:00,3360.13,SETTLED
BNK1117,UNEXPECTED-REF-117,2026-01-25 00:00:00,4136.9,SETTLED
BNK1118,UNEXPECTED-REF-118,2026-01-16 00:00:00,4332.71,SETTLED
BNK1119,UNEXPECTED-REF-119,2026-01-16 00:00:00,629.15,SETTLED
BNK1120,UNEXPECTED-REF-120,2026-01-16 00:00:00,1758.46,SETTLED
