order_id,customer_id,order_date,expected_amount,currency,payment_status
ORD0001,CUST002,2026-01-01 18:07:00,499.0,INR,COMPLETED
ORD0002,CUST003,2026-01-01 10:47:00,999.0,INR,COMPLETED
ORD0003,CUST004,2026-01-02 17:27:00,499.0,INR,COMPLETED
ORD0004,CUST005,2026-01-02 11:32:00,499.0,INR,COMPLETED
ORD0005,CUST006,2026-01-02 11:28:00,3000.0,INR,COMPLETED
ORD0006,CUST007,2026-01-03 13:17:00,1499.0,INR,COMPLETED
ORD0007,CUST008,2026-01-03 09:24:00,999.0,INR,COMPLETED
ORD0008,CUST009,2026-01-03 20:02:00,1500.0,INR,COMPLETED
ORD0009,CUST010,2026-01-04 09:35:00,3000.0,INR,COMPLETED
ORD0010,CUST011,2026-01-04 17:12:00,999.0,INR,COMPLETED
ORD0011,CUST012,2026-01-04 09:54:00,2500.0,INR,COMPLETED
ORD0012,CUST013,2026-01-05 15:40:00,4999.0,INR,COMPLETED
ORD0013,CUST014,2026-01-05 11:42:00,3000.0,INR,COMPLETED
ORD0014,CUST015,2026-01-05 16:46:00,2500.0,INR,COMPLETED
ORD0015,CUST016,2026-01-06 12:59:00,2500.0,INR,COMPLETED
ORD0016,CUST017,2026-01-06 11:52:00,499.0,INR,COMPLETED
ORD0017,CUST018,2026-01-06 09:13:00,4999.0,INR,COMPLETED
ORD0018,CUST019,2026-01-07 18:29:00,1499.0,INR,COMPLETED
ORD0019,CUST020,2026-01-07 19:35:00,3000.0,INR,COMPLETED
ORD0020,CUST021,2026-01-07 13:14:00,1499.0,INR,COMPLETED
ORD0021,CUST022,2026-01-08 20:03:00,999.0,INR,COMPLETED
ORD0022,CUST023,2026-01-08 17:04:00,12000.0,INR,COMPLETED
ORD0023,CUST024,2026-01-08 16:16:00,499.0,INR,COMPLETED
ORD0024,CUST025,2026-01-09 20:41:00,4999.0,INR,COMPLETED
ORD0025,CUST026,2026-01-09 10:29:00,499.0,INR,COMPLETED
ORD0026,CUST027,2026-01-09 16:58:00,999.0,INR,COMPLETED
ORD0027,CUST028,2026-01-10 10:23:00,1499.0,INR,COMPLETED
ORD0028,CUST029,2026-01-10 17:20:00,1500.0,INR,COMPLETED
ORD0029,CUST030,2026-01-10 20:19:00,2500.0,INR,COMPLETED
ORD0030,CUST001,2026-01-11 09:46:00,1500.0,INR,COMPLETED
ORD0031,CUST002,2026-01-11 10:42:00,1500.0,INR,COMPLETED
ORD0032,CUST003,2026-01-11 16:55:00,12000.0,INR,COMPLETED
ORD0033,CUST004,2026-01-12 19:19:00,12000.0,INR,COMPLETED
ORD0034,CUST005,2026-01-12 16:28:00,999.0,INR,COMPLETED
ORD0035,CUST006,2026-01-12 13:01:00,2500.0,INR,COMPLETED
ORD0036,CUST007,2026-01-13 09:45:00,499.0,INR,COMPLETED
ORD0037,CUST008,2026-01-13 13:04:00,2500.0,INR,COMPLETED
ORD0038,CUST009,2026-01-13 16:08:00,1500.0,INR,COMPLETED
ORD0039,CUST010,2026-01-14 11:06:00,999.0,INR,COMPLETED
ORD0040,CUST011,2026-01-14 14:26:00,1500.0,INR,COMPLETED
ORD0041,CUST012,2026-01-14 14:46:00,4999.0,INR,COMPLETED
ORD0042,CUST013,2026-01-15 11:34:00,1500.0,INR,COMPLETED
ORD0043,CUST014,2026-01-15 12:29:00,2500.0,INR,COMPLETED
ORD0044,CUST015,2026-01-15 08:41:00,499.0,INR,COMPLETED
ORD0045,CUST016,2026-01-16 14:31:00,1500.0,INR,COMPLETED
ORD0046,CUST017,2026-01-16 10:24:00,499.0,INR,COMPLETED
ORD0047,CUST018,2026-01-16 12:27:00,1500.0,INR,COMPLETED
ORD0048,CUST019,2026-01-17 11:03:00,499.0,INR,COMPLETED
ORD0049,CUST020,2026-01-17 17:30:00,1499.0,INR,COMPLETED
ORD0050,CUST021,2026-01-17 10:04:00,999.0,INR,COMPLETED
ORD0051,CUST022,2026-01-18 09:56:00,2500.0,INR,COMPLETED
ORD0052,CUST023,2026-01-18 17:05:00,12000.0,INR,COMPLETED
ORD0053,CUST024,2026-01-18 12:13:00,4999.0,INR,COMPLETED
ORD0054,CUST025,2026-01-19 10:42:00,3000.0,INR,COMPLETED
ORD0055,CUST026,2026-01-19 08:29:00,999.0,INR,COMPLETED
ORD0056,CUST027,2026-01-19 16:16:00,1499.0,INR,COMPLETED
ORD0057,CUST028,2026-01-20 12:10:00,1500.0,INR,COMPLETED
ORD0058,CUST029,2026-01-20 16:19:00,999.0,INR,COMPLETED
ORD0059,CUST030,2026-01-20 19:35:00,1499.0,INR,COMPLETED
ORD0060,CUST001,2026-01-21 13:13:00,3000.0,INR,COMPLETED
ORD0061,CUST002,2026-01-21 09:40:00,12000.0,INR,COMPLETED
ORD0062,CUST003,2026-01-21 20:08:00,3000.0,INR,COMPLETED
ORD0063,CUST004,2026-01-22 08:07:00,999.0,INR,COMPLETED
ORD0064,CUST005,2026-01-22 17:35:00,1499.0,INR,COMPLETED
ORD0065,CUST006,2026-01-22 13:57:00,499.0,INR,COMPLETED
ORD0066,CUST007,2026-01-23 09:22:00,12000.0,INR,COMPLETED
ORD0067,CUST008,2026-01-23 10:51:00,1499.0,INR,COMPLETED
ORD0068,CUST009,2026-01-23 19:59:00,4999.0,INR,COMPLETED
ORD0069,CUST010,2026-01-24 10:50:00,999.0,INR,COMPLETED
ORD0070,CUST011,2026-01-24 11:12:00,1500.0,INR,COMPLETED
ORD0071,CUST012,2026-01-24 11:01:00,2500.0,INR,COMPLETED
ORD0072,CUST013,2026-01-25 09:49:00,3000.0,INR,COMPLETED
ORD0073,CUST014,2026-01-25 18:53:00,4999.0,INR,COMPLETED
ORD0074,CUST015,2026-01-25 10:37:00,3000.0,INR,COMPLETED
ORD0075,CUST016,2026-01-26 13:46:00,4999.0,INR,COMPLETED
ORD0076,CUST017,2026-01-26 14:57:00,2500.0,INR,PENDING
ORD0077,CUST018,2026-01-26 08:33:00,2500.0,INR,PENDING
ORD0078,CUST019,2026-01-27 18:58:00,4999.0,INR,PENDING
ORD0079,CUST020,2026-01-27 19:57:00,3000.0,INR,PENDING
ORD0080,CUST021,2026-01-27 13:25:00,3000.0,INR,PENDING
ORD0081,CUST022,2026-01-28 14:42:00,12000.0,INR,PENDING
ORD0082,CUST023,2026-01-28 14:35:00,499.0,INR,PENDING
ORD0083,CUST024,2026-01-28 14:50:00,4999.0,INR,PENDING
ORD0084,CUST025,2026-01-29 18:13:00,1500.0,INR,PENDING
ORD0085,CUST026,2026-01-29 16:42:00,4999.0,INR,PENDING
ORD0086,CUST027,2026-01-29 11:51:00,2500.0,INR,COMPLETED
ORD0087,CUST028,2026-01-30 11:30:00,999.0,INR,COMPLETED
ORD0088,CUST029,2026-01-30 19:44:00,12000.0,INR,COMPLETED
ORD0089,CUST030,2026-01-30 10:41:00,499.0,INR,COMPLETED
ORD0090,CUST001,2026-01-31 10:51:00,1500.0,INR,COMPLETED
ORD0091,CUST002,2026-01-31 09:29:00,1499.0,INR,COMPLETED
ORD0092,CUST003,2026-01-31 20:57:00,1500.0,INR,COMPLETED
ORD0093,CUST004,2026-02-01 16:28:00,1499.0,INR,COMPLETED
ORD0094,CUST005,2026-02-01 11:53:00,3000.0,INR,COMPLETED
ORD0095,CUST006,2026-02-01 15:04:00,3000.0,INR,COMPLETED
ORD0096,CUST007,2026-02-02 16:05:00,1499.0,INR,COMPLETED
ORD0097,CUST008,2026-02-02 10:45:00,2500.0,INR,COMPLETED
ORD0098,CUST009,2026-02-02 16:29:00,12000.0,INR,COMPLETED
ORD0099,CUST010,2026-02-03 20:37:00,499.0,INR,COMPLETED
ORD0100,CUST011,2026-02-03 08:22:00,3000.0,INR,COMPLETED
ORD0101,CUST012,2026-02-03 15:14:00,3000.0,INR,COMPLETED
ORD0102,CUST013,2026-02-04 14:21:00,12000.0,INR,COMPLETED
ORD0103,CUST014,2026-02-04 17:34:00,499.0,INR,COMPLETED
ORD0104,CUST015,2026-02-04 09:41:00,12000.0,INR,COMPLETED
ORD0105,CUST016,2026-02-05 08:16:00,12000.0,INR,COMPLETED
ORD0106,CUST017,2026-02-05 13:21:00,12000.0,INR,PARTIAL
ORD0107,CUST018,2026-02-05 09:30:00,499.0,INR,PARTIAL
ORD0108,CUST019,2026-02-06 11:41:00,999.0,INR,PARTIAL
ORD0109,CUST020,2026-02-06 11:12:00,499.0,INR,PARTIAL
ORD0110,CUST021,2026-02-06 10:30:00,999.0,INR,PARTIAL
ORD0111,CUST022,2026-02-07 19:16:00,4999.0,INR,PARTIAL
ORD0112,CUST023,2026-02-07 20:52:00,1499.0,INR,PARTIAL
