payment_id,order_id,transaction_id,payment_date,paid_amount,payment_status,payment_method
PAY0001,ORD0001,TXN0001,2026-01-01 18:25:00,499.0,SUCCESS,CREDIT_CARD
PAY0002,ORD0002,TXN0002,2026-01-01 11:31:00,999.0,SUCCESS,WALLET
PAY0003,ORD0003,TXN0003,2026-01-02 17:29:00,499.0,SUCCESS,UPI
PAY0004,ORD0004,TXN0004,2026-01-02 12:08:00,499.0,SUCCESS,CREDIT_CARD
PAY0005,ORD0005,TXN0005,2026-01-02 11:29:00,3000.0,SUCCESS,CREDIT_CARD
PAY0006,ORD0006,TXN0006,2026-01-03 13:31:00,1499.0,SUCCESS,NET_BANKING
PAY0007,ORD0007,TXN0007,2026-01-03 09:47:00,999.0,SUCCESS,NET_BANKING
PAY0008,ORD0008,TXN0008,2026-01-03 20:37:00,1500.0,SUCCESS,UPI
PAY0009,ORD0009,TXN0009,2026-01-04 10:16:00,3000.0,SUCCESS,WALLET
PAY0010,ORD0010,TXN0010,2026-01-04 17:15:00,999.0,SUCCESS,CREDIT_CARD
PAY0011,ORD0011,TXN0011,2026-01-04 10:01:00,2500.0,SUCCESS,DEBIT_CARD
PAY0012,ORD0012,TXN0012,2026-01-05 15:51:00,4999.0,SUCCESS,NET_BANKING
PAY0013,ORD0013,TXN0013,2026-01-05 12:27:00,3000.0,SUCCESS,UPI
PAY0014,ORD0014,TXN0014,2026-01-05 16:57:00,2500.0,SUCCESS,DEBIT_CARD
PAY0015,ORD0015,TXN0015,2026-01-06 13:43:00,2500.0,SUCCESS,NET_BANKING
PAY0016,ORD0016,TXN0016,2026-01-06 12:13:00,499.0,SUCCESS,DEBIT_CARD
PAY0017,ORD0017,TXN0017,2026-01-06 09:27:00,4999.0,SUCCESS,DEBIT_CARD
PAY0018,ORD0018,TXN0018,2026-01-07 18:46:00,1499.0,SUCCESS,CREDIT_CARD
PAY0019,ORD0019,TXN0019,2026-01-07 20:13:00,3000.0,SUCCESS,DEBIT_CARD
PAY0020,ORD0020,TXN0020,2026-01-07 13:47:00,1499.0,SUCCESS,DEBIT_CARD
PAY0021,ORD0021,TXN0021,2026-01-08 20:13:00,999.0,SUCCESS,CREDIT_CARD
PAY0022,ORD0022,TXN0022,2026-01-08 17:29:00,12000.0,SUCCESS,WALLET
PAY0023,ORD0023,TXN0023,2026-01-08 17:00:00,499.0,SUCCESS,UPI
PAY0024,ORD0024,TXN0024,2026-01-09 20:49:00,4999.0,SUCCESS,NET_BANKING
PAY0025,ORD0025,TXN0025,2026-01-09 10:46:00,499.0,SUCCESS,WALLET
PAY0026,ORD0026,TXN0026,2026-01-09 17:39:00,999.0,SUCCESS,NET_BANKING
PAY0027,ORD0027,TXN0027,2026-01-10 10:58:00,1499.0,SUCCESS,WALLET
PAY0028,ORD0028,TXN0028,2026-01-10 17:22:00,1500.0,SUCCESS,UPI
PAY0029,ORD0029,TXN0029,2026-01-10 20:23:00,2500.0,SUCCESS,CREDIT_CARD
PAY0030,ORD0030,TXN0030,2026-01-11 09:51:00,1500.0,SUCCESS,WALLET
PAY0031,ORD0031,TXN0031,2026-01-11 11:18:00,1500.0,SUCCESS,CREDIT_CARD
PAY0032,ORD0032,TXN0032,2026-01-11 17:09:00,12000.0,SUCCESS,WALLET
PAY0033,ORD0033,TXN0033,2026-01-12 20:02:00,12000.0,SUCCESS,NET_BANKING
PAY0034,ORD0034,TXN0034,2026-01-12 16:44:00,999.0,SUCCESS,CREDIT_CARD
PAY0035,ORD0035,TXN0035,2026-01-12 13:39:00,2500.0,SUCCESS,CREDIT_CARD
PAY0036,ORD0036,TXN0036,2026-01-13 10:00:00,499.0,SUCCESS,UPI
PAY0037,ORD0037,TXN0037,2026-01-13 13:22:00,2500.0,SUCCESS,DEBIT_CARD
PAY0038,ORD0038,TXN0038,2026-01-13 16:24:00,1500.0,SUCCESS,DEBIT_CARD
PAY0039,ORD0039,TXN0039,2026-01-14 11:49:00,999.0,SUCCESS,DEBIT_CARD
PAY0040,ORD0040,TXN0040,2026-01-14 14:30:00,1500.0,SUCCESS,UPI
PAY0041,ORD0041,TXN0041,2026-01-14 14:53:00,4999.0,SUCCESS,CREDIT_CARD
PAY0042,ORD0042,TXN0042,2026-01-15 11:43:00,1500.0,SUCCESS,DEBIT_CARD
PAY0043,ORD0043,TXN0043,2026-01-15 12:34:00,2500.0,SUCCESS,DEBIT_CARD
PAY0044,ORD0044,TXN0044,2026-01-15 08:47:00,499.0,SUCCESS,CREDIT_CARD
PAY0045,ORD0045,TXN0045,2026-01-16 14:45:00,1500.0,SUCCESS,DEBIT_CARD
PAY0046,ORD0046,TXN0046,2026-01-16 10:49:00,499.0,SUCCESS,NET_BANKING
PAY0047,ORD0047,TXN0047,2026-01-16 12:37:00,1500.0,SUCCESS,CREDIT_CARD
PAY0048,ORD0048,TXN0048,2026-01-17 11:24:00,499.0,SUCCESS,UPI
PAY0049,ORD0049,TXN0049,2026-01-17 17:34:00,1499.0,SUCCESS,WALLET
PAY0050,ORD0050,TXN0050,2026-01-17 10:48:00,999.0,SUCCESS,CREDIT_CARD
PAY0051,ORD0051,TXN0051,2026-01-18 10:34:00,2500.0,SUCCESS,WALLET
PAY0052,ORD0052,TXN0052,2026-01-18 17:48:00,12000.0,SUCCESS,WALLET
PAY0053,ORD0053,TXN0053,2026-01-18 12:29:00,4999.0,SUCCESS,NET_BANKING
PAY0054,ORD0054,TXN0054,2026-01-19 11:12:00,3000.0,SUCCESS,NET_BANKING
PAY0055,ORD0055,TXN0055,2026-01-19 08:34:00,999.0,SUCCESS,WALLET
PAY0056,ORD0056,TXN0056,2026-01-19 16:39:00,1499.0,SUCCESS,UPI
PAY0057,ORD0057,TXN0057,2026-01-20 12:45:00,1500.0,SUCCESS,NET_BANKING
PAY0058,ORD0058,TXN0058,2026-01-20 16:28:00,999.0,SUCCESS,NET_BANKING
PAY0059,ORD0059,TXN0059,2026-01-20 19:53:00,1499.0,SUCCESS,NET_BANKING
PAY0060,ORD0060,TXN0060,2026-01-21 13:46:00,3000.0,SUCCESS,DEBIT_CARD
PAY0061,ORD0061,TXN0061,2026-01-21 09:58:00,12000.0,SUCCESS,UPI
PAY0062,ORD0062,TXN0062,2026-01-21 20:19:00,3000.0,SUCCESS,DEBIT_CARD
PAY0063,ORD0063,TXN0063,2026-01-22 08:52:00,999.0,SUCCESS,CREDIT_CARD
PAY0064,ORD0064,TXN0064,2026-01-22 18:03:00,1499.0,SUCCESS,CREDIT_CARD
PAY0065,ORD0065,TXN0065,2026-01-22 14:20:00,499.0,SUCCESS,CREDIT_CARD
PAY0066,ORD0066,TXN0066,2026-01-23 10:02:00,12000.0,SUCCESS,CREDIT_CARD
PAY0067,ORD0067,TXN0067,2026-01-23 11:18:00,1499.0,SUCCESS,UPI
PAY0068,ORD0068,TXN0068,2026-01-23 20:26:00,4999.0,SUCCESS,CREDIT_CARD
PAY0069,ORD0069,TXN0069,2026-01-24 11:15:00,999.0,SUCCESS,UPI
PAY0070,ORD0070,TXN0070,2026-01-24 11:35:00,1500.0,SUCCESS,NET_BANKING
PAY0071,ORD0071,TXN0071,2026-01-24 11:27:00,2500.0,SUCCESS,NET_BANKING
PAY0072,ORD0072,TXN0072,2026-01-25 10:12:00,3000.0,SUCCESS,WALLET
PAY0073,ORD0073,TXN0073,2026-01-25 18:55:00,4999.0,SUCCESS,UPI
PAY0074,ORD0074,TXN0074,2026-01-25 10:40:00,3000.0,SUCCESS,UPI
PAY0075,ORD0075,TXN0075,2026-01-26 14:14:00,4999.0,SUCCESS,WALLET
PAY0086,ORD0086,TXN0086,2026-01-29 12:01:00,2500.0,SUCCESS,UPI
PAY0086_DUP,ORD0086,TXN0086,2026-01-29 12:06:00,2500.0,SUCCESS,UPI
PAY0087,ORD0087,TXN0087,2026-01-30 12:00:00,999.0,SUCCESS,DEBIT_CARD
PAY0087_DUP,ORD0087,TXN0087,2026-01-30 12:05:00,999.0,SUCCESS,DEBIT_CARD
PAY0088,ORD0088,TXN0088,2026-01-30 20:16:00,12000.0,SUCCESS,DEBIT_CARD
PAY0088_DUP,ORD0088,TXN0088,2026-01-30 20:21:00,12000.0,SUCCESS,DEBIT_CARD
PAY0089,ORD0089,TXN0089,2026-01-30 10:48:00,499.0,SUCCESS,DEBIT_CARD
PAY0089_DUP,ORD0089,TXN0089,2026-01-30 10:53:00,499.0,SUCCESS,DEBIT_CARD
PAY0090,ORD0090,TXN0090,2026-01-31 10:55:00,1500.0,SUCCESS,WALLET
PAY0090_DUP,ORD0090,TXN0090,2026-01-31 11:00:00,1500.0,SUCCESS,WALLET
PAY0091,ORD0091,TXN0091,2026-01-31 09:59:00,1499.0,SUCCESS,WALLET
PAY0091_DUP,ORD0091,TXN0091,2026-01-31 10:04:00,1499.0,SUCCESS,WALLET
PAY0092,ORD0092,TXN0092,2026-01-31 21:37:00,1500.0,SUCCESS,WALLET
PAY0092_DUP,ORD0092,TXN0092,2026-01-31 21:42:00,1500.0,SUCCESS,WALLET
PAY0093,ORD0093,TXN0093,2026-02-01 16:59:00,1499.0,SUCCESS,DEBIT_CARD
PAY0094,ORD0094,TXN0094,2026-02-01 12:27:00,3000.0,SUCCESS,DEBIT_CARD
PAY0095,ORD0095,TXN0095,2026-02-01 15:20:00,3000.0,SUCCESS,NET_BANKING
PAY0096,ORD0096,TXN0096,2026-02-02 16:15:00,1499.0,SUCCESS,CREDIT_CARD
PAY0097,ORD0097,TXN0097,2026-02-02 10:50:00,2500.0,SUCCESS,DEBIT_CARD
PAY0098,ORD0098,TXN0098,2026-02-02 16:33:00,12000.0,SUCCESS,CREDIT_CARD
PAY0099,ORD0099,TXN0099,2026-02-03 21:14:00,499.0,SUCCESS,DEBIT_CARD
PAY0100,ORD0100,TXN0100,2026-02-03 08:47:00,3000.0,SUCCESS,DEBIT_CARD
PAY0101,ORD0101,TXN0101,2026-02-03 15:42:00,3000.0,SUCCESS,DEBIT_CARD
PAY0102,ORD0102,TXN0102,2026-02-04 14:32:00,12000.0,SUCCESS,DEBIT_CARD
PAY0103,ORD0103,TXN0103,2026-02-04 18:00:00,499.0,SUCCESS,WALLET
PAY0104,ORD0104,TXN0104,2026-02-04 09:50:00,12000.0,SUCCESS,DEBIT_CARD
PAY0105,ORD0105,TXN0105,2026-02-05 08:37:00,12000.0,SUCCESS,CREDIT_CARD
PAY0106,ORD0106,TXN0106,2026-02-05 13:39:00,6000.0,PARTIAL_SUCCESS,DEBIT_CARD
PAY0107,ORD0107,TXN0107,2026-02-05 10:05:00,249.5,PARTIAL_SUCCESS,UPI
PAY0108,ORD0108,TXN0108,2026-02-06 12:23:00,499.5,PARTIAL_SUCCESS,UPI
PAY0109,ORD0109,TXN0109,2026-02-06 11:52:00,249.5,PARTIAL_SUCCESS,CREDIT_CARD
PAY0110,ORD0110,TXN0110,2026-02-06 11:07:00,499.5,PARTIAL_SUCCESS,CREDIT_CARD
PAY0111,ORD0111,TXN0111,2026-02-07 19:27:00,2499.5,PARTIAL_SUCCESS,WALLET
PAY0112,ORD0112,TXN0112,2026-02-07 21:12:00,749.5,PARTIAL_SUCCESS,UPI
