Order ID,Customer ID,Expected,Paid,Bank Received,Transaction ID,Bank Txn ID,Status,Confidence,Discrepancy,Explanation,Order Date,Payment Date,Bank Date
ORD0001,CUST002,499.0,499.0,499.0,TXN0001,BNK1001,MATCHED,100.0,0.0,"Transaction fully matched and verified across order, gateway, and bank settlement.",2026-01-01 18:07:00,2026-01-01 18:25:00,2026-01-02 18:25:00
ORD0002,CUST003,999.0,999.0,999.0,TXN0002,BNK1002,MATCHED,100.0,0.0,"Transaction fully matched and verified across order, gateway, and bank settlement.",2026-01-01 10:47:00,2026-01-01 11:31:00,2026-01-02 11:31:00
ORD0003,CUST004,499.0,499.0,499.0,TXN0003,BNK1003,MATCHED,100.0,0.0,"Transaction fully matched and verified across order, gateway, and bank settlement.",2026-01-02 17:27:00,2026-01-02 17:29:00,2026-01-03 17:29:00
ORD0004,CUST005,499.0,499.0,499.0,TXN0004,BNK1004,MATCHED,100.0,0.0,"Transaction fully matched and verified across order, gateway, and bank settlement.",2026-01-02 11:32:00,2026-01-02 12:08:00,2026-01-04 12:08:00
ORD0005,CUST006,3000.0,3000.0,3000.0,TXN0005,BNK1005,MATCHED,100.0,0.0,"Transaction fully matched and verified across order, gateway, and bank settlement.",2026-01-02 11:28:00,2026-01-02 11:29:00,2026-01-04 11:29:00
ORD0006,CUST007,1499.0,1499.0,1499.0,TXN0006,BNK1006,MATCHED,100.0,0.0,"Transaction fully matched and verified across order, gateway, and bank settlement.",2026-01-03 13:17:00,2026-01-03 13:31:00,2026-01-04 13:31:00
ORD0007,CUST008,999.0,999.0,999.0,TXN0007,BNK1007,MATCHED,100.0,0.0,"Transaction fully matched and verified across order, gateway, and bank settlement.",2026-01-03 09:24:00,2026-01-03 09:47:00,2026-01-05 09:47:00
ORD0008,CUST009,1500.0,1500.0,1500.0,TXN0008,BNK1008,MATCHED,100.0,0.0,"Transaction fully matched and verified across order, gateway, and bank settlement.",2026-01-03 20:02:00,2026-01-03 20:37:00,2026-01-05 20:37:00
ORD0009,CUST010,3000.0,3000.0,3000.0,TXN0009,BNK1009,MATCHED,100.0,0.0,"Transaction fully matched and verified across order, gateway, and bank settlement.",2026-01-04 09:35:00,2026-01-04 10:16:00,2026-01-06 10:16:00
ORD0010,CUST011,999.0,999.0,999.0,TXN0010,BNK1010,MATCHED,100.0,0.0,"Transaction fully matched and verified across order, gateway, and bank settlement.",2026-01-04 17:12:00,2026-01-04 17:15:00,2026-01-06 17:15:00
ORD0011,CUST012,2500.0,2500.0,2500.0,TXN0011,BNK1011,MATCHED,100.0,0.0,"Transaction fully matched and verified across order, gateway, and bank settlement.",2026-01-04 09:54:00,2026-01-04 10:01:00,2026-01-06 10:01:00
ORD0012,CUST013,4999.0,4999.0,4999.0,TXN0012,BNK1012,MATCHED,100.0,0.0,"Transaction fully matched and verified across order, gateway, and bank settlement.",2026-01-05 15:40:00,2026-01-05 15:51:00,2026-01-07 15:51:00
ORD0013,CUST014,3000.0,3000.0,3000.0,TXN0013,BNK1013,MATCHED,100.0,0.0,"Transaction fully matched and verified across order, gateway, and bank settlement.",2026-01-05 11:42:00,2026-01-05 12:27:00,2026-01-06 12:27:00
ORD0014,CUST015,2500.0,2500.0,2500.0,TXN0014,BNK1014,MATCHED,100.0,0.0,"Transaction fully matched and verified across order, gateway, and bank settlement.",2026-01-05 16:46:00,2026-01-05 16:57:00,2026-01-07 16:57:00
ORD0015,CUST016,2500.0,2500.0,2500.0,TXN0015,BNK1015,MATCHED,100.0,0.0,"Transaction fully matched and verified across order, gateway, and bank settlement.",2026-01-06 12:59:00,2026-01-06 13:43:00,2026-01-07 13:43:00
ORD0016,CUST017,499.0,499.0,499.0,TXN0016,BNK1016,MATCHED,100.0,0.0,"Transaction fully matched and verified across order, gateway, and bank settlement.",2026-01-06 11:52:00,2026-01-06 12:13:00,2026-01-08 12:13:00
ORD0017,CUST018,4999.0,4999.0,4999.0,TXN0017,BNK1017,MATCHED,100.0,0.0,"Transaction fully matched and verified across order, gateway, and bank settlement.",2026-01-06 09:13:00,2026-01-06 09:27:00,2026-01-08 09:27:00
ORD0018,CUST019,1499.0,1499.0,1499.0,TXN0018,BNK1018,MATCHED,100.0,0.0,"Transaction fully matched and verified across order, gateway, and bank settlement.",2026-01-07 18:29:00,2026-01-07 18:46:00,2026-01-08 18:46:00
ORD0019,CUST020,3000.0,3000.0,3000.0,TXN0019,BNK1019,MATCHED,100.0,0.0,"Transaction fully matched and verified across order, gateway, and bank settlement.",2026-01-07 19:35:00,2026-01-07 20:13:00,2026-01-09 20:13:00
ORD0020,CUST021,1499.0,1499.0,1499.0,TXN0020,BNK1020,MATCHED,100.0,0.0,"Transaction fully matched and verified across order, gateway, and bank settlement.",2026-01-07 13:14:00,2026-01-07 13:47:00,2026-01-08 13:47:00
ORD0021,CUST022,999.0,999.0,999.0,TXN0021,BNK1021,MATCHED,100.0,0.0,"Transaction fully matched and verified across order, gateway, and bank settlement.",2026-01-08 20:03:00,2026-01-08 20:13:00,2026-01-10 20:13:00
ORD0022,CUST023,12000.0,12000.0,12000.0,TXN0022,BNK1022,MATCHED,100.0,0.0,"Transaction fully matched and verified across order, gateway, and bank settlement.",2026-01-08 17:04:00,2026-01-08 17:29:00,2026-01-10 17:29:00
ORD0023,CUST024,499.0,499.0,499.0,TXN0023,BNK1023,MATCHED,100.0,0.0,"Transaction fully matched and verified across order, gateway, and bank settlement.",2026-01-08 16:16:00,2026-01-08 17:00:00,2026-01-10 17:00:00
ORD0024,CUST025,4999.0,4999.0,4999.0,TXN0024,BNK1024,MATCHED,100.0,0.0,"Transaction fully matched and verified across order, gateway, and bank settlement.",2026-01-09 20:41:00,2026-01-09 20:49:00,2026-01-11 20:49:00
ORD0025,CUST026,499.0,499.0,499.0,TXN0025,BNK1025,MATCHED,100.0,0.0,"Transaction fully matched and verified across order, gateway, and bank settlement.",2026-01-09 10:29:00,2026-01-09 10:46:00,2026-01-10 10:46:00
ORD0026,CUST027,999.0,999.0,999.0,TXN0026,BNK1026,MATCHED,100.0,0.0,"Transaction fully matched and verified across order, gateway, and bank settlement.",2026-01-09 16:58:00,2026-01-09 17:39:00,2026-01-10 17:39:00
ORD0027,CUST028,1499.0,1499.0,1499.0,TXN0027,BNK1027,MATCHED,100.0,0.0,"Transaction fully matched and verified across order, gateway, and bank settlement.",2026-01-10 10:23:00,2026-01-10 10:58:00,2026-01-11 10:58:00
ORD0028,CUST029,1500.0,1500.0,1500.0,TXN0028,BNK1028,MATCHED,100.0,0.0,"Transaction fully matched and verified across order, gateway, and bank settlement.",2026-01-10 17:20:00,2026-01-10 17:22:00,2026-01-12 17:22:00
ORD0029,CUST030,2500.0,2500.0,2500.0,TXN0029,BNK1029,MATCHED,100.0,0.0,"Transaction fully matched and verified across order, gateway, and bank settlement.",2026-01-10 20:19:00,2026-01-10 20:23:00,2026-01-11 20:23:00
ORD0030,CUST001,1500.0,1500.0,1500.0,TXN0030,BNK1030,MATCHED,100.0,0.0,"Transaction fully matched and verified across order, gateway, and bank settlement.",2026-01-11 09:46:00,2026-01-11 09:51:00,2026-01-12 09:51:00
ORD0031,CUST002,1500.0,1500.0,1500.0,TXN0031,BNK1031,MATCHED,100.0,0.0,"Transaction fully matched and verified across order, gateway, and bank settlement.",2026-01-11 10:42:00,2026-01-11 11:18:00,2026-01-13 11:18:00
ORD0032,CUST003,12000.0,12000.0,12000.0,TXN0032,BNK1032,MATCHED,100.0,0.0,"Transaction fully matched and verified across order, gateway, and bank settlement.",2026-01-11 16:55:00,2026-01-11 17:09:00,2026-01-12 17:09:00
ORD0033,CUST004,12000.0,12000.0,12000.0,TXN0033,BNK1033,MATCHED,100.0,0.0,"Transaction fully matched and verified across order, gateway, and bank settlement.",2026-01-12 19:19:00,2026-01-12 20:02:00,2026-01-14 20:02:00
ORD0034,CUST005,999.0,999.0,999.0,TXN0034,BNK1034,MATCHED,100.0,0.0,"Transaction fully matched and verified across order, gateway, and bank settlement.",2026-01-12 16:28:00,2026-01-12 16:44:00,2026-01-13 16:44:00
ORD0035,CUST006,2500.0,2500.0,2500.0,TXN0035,BNK1035,MATCHED,100.0,0.0,"Transaction fully matched and verified across order, gateway, and bank settlement.",2026-01-12 13:01:00,2026-01-12 13:39:00,2026-01-13 13:39:00
ORD0036,CUST007,499.0,499.0,499.0,TXN0036,BNK1036,MATCHED,100.0,0.0,"Transaction fully matched and verified across order, gateway, and bank settlement.",2026-01-13 09:45:00,2026-01-13 10:00:00,2026-01-14 10:00:00
ORD0037,CUST008,2500.0,2500.0,2500.0,TXN0037,BNK1037,MATCHED,100.0,0.0,"Transaction fully matched and verified across order, gateway, and bank settlement.",2026-01-13 13:04:00,2026-01-13 13:22:00,2026-01-14 13:22:00
ORD0038,CUST009,1500.0,1500.0,1500.0,TXN0038,BNK1038,MATCHED,100.0,0.0,"Transaction fully matched and verified across order, gateway, and bank settlement.",2026-01-13 16:08:00,2026-01-13 16:24:00,2026-01-15 16:24:00
ORD0039,CUST010,999.0,999.0,999.0,TXN0039,BNK1039,MATCHED,100.0,0.0,"Transaction fully matched and verified across order, gateway, and bank settlement.",2026-01-14 11:06:00,2026-01-14 11:49:00,2026-01-16 11:49:00
ORD0040,CUST011,1500.0,1500.0,1500.0,TXN0040,BNK1040,MATCHED,100.0,0.0,"Transaction fully matched and verified across order, gateway, and bank settlement.",2026-01-14 14:26:00,2026-01-14 14:30:00,2026-01-15 14:30:00
ORD0041,CUST012,4999.0,4999.0,4999.0,TXN0041,BNK1041,MATCHED,100.0,0.0,"Transaction fully matched and verified across order, gateway, and bank settlement.",2026-01-14 14:46:00,2026-01-14 14:53:00,2026-01-15 14:53:00
ORD0042,CUST013,1500.0,1500.0,1500.0,TXN0042,BNK1042,MATCHED,100.0,0.0,"Transaction fully matched and verified across order, gateway, and bank settlement.",2026-01-15 11:34:00,2026-01-15 11:43:00,2026-01-16 11:43:00
ORD0043,CUST014,2500.0,2500.0,2500.0,TXN0043,BNK1043,MATCHED,100.0,0.0,"Transaction fully matched and verified across order, gateway, and bank settlement.",2026-01-15 12:29:00,2026-01-15 12:34:00,2026-01-16 12:34:00
ORD0044,CUST015,499.0,499.0,499.0,TXN0044,BNK1044,MATCHED,100.0,0.0,"Transaction fully matched and verified across order, gateway, and bank settlement.",2026-01-15 08:41:00,2026-01-15 08:47:00,2026-01-16 08:47:00
ORD0045,CUST016,1500.0,1500.0,1500.0,TXN0045,BNK1045,MATCHED,100.0,0.0,"Transaction fully matched and verified across order, gateway, and bank settlement.",2026-01-16 14:31:00,2026-01-16 14:45:00,2026-01-17 14:45:00
ORD0046,CUST017,499.0,499.0,499.0,TXN0046,BNK1046,MATCHED,100.0,0.0,"Transaction fully matched and verified across order, gateway, and bank settlement.",2026-01-16 10:24:00,2026-01-16 10:49:00,2026-01-18 10:49:00
ORD0047,CUST018,1500.0,1500.0,1500.0,TXN0047,BNK1047,MATCHED,100.0,0.0,"Transaction fully matched and verified across order, gateway, and bank settlement.",2026-01-16 12:27:00,2026-01-16 12:37:00,2026-01-18 12:37:00
ORD0048,CUST019,499.0,499.0,499.0,TXN0048,BNK1048,MATCHED,100.0,0.0,"Transaction fully matched and verified across order, gateway, and bank settlement.",2026-01-17 11:03:00,2026-01-17 11:24:00,2026-01-18 11:24:00
ORD0049,CUST020,1499.0,1499.0,1499.0,TXN0049,BNK1049,MATCHED,100.0,0.0,"Transaction fully matched and verified across order, gateway, and bank settlement.",2026-01-17 17:30:00,2026-01-17 17:34:00,2026-01-18 17:34:00
ORD0050,CUST021,999.0,999.0,999.0,TXN0050,BNK1050,MATCHED,100.0,0.0,"Transaction fully matched and verified across order, gateway, and bank settlement.",2026-01-17 10:04:00,2026-01-17 10:48:00,2026-01-19 10:48:00
ORD0051,CUST022,2500.0,2500.0,2500.0,TXN0051,BNK1051,MATCHED,100.0,0.0,"Transaction fully matched and verified across order, gateway, and bank settlement.",2026-01-18 09:56:00,2026-01-18 10:34:00,2026-01-19 10:34:00
ORD0052,CUST023,12000.0,12000.0,12000.0,TXN0052,BNK1052,MATCHED,100.0,0.0,"Transaction fully matched and verified across order, gateway, and bank settlement.",2026-01-18 17:05:00,2026-01-18 17:48:00,2026-01-20 17:48:00
ORD0053,CUST024,4999.0,4999.0,4999.0,TXN0053,BNK1053,MATCHED,100.0,0.0,"Transaction fully matched and verified across order, gateway, and bank settlement.",2026-01-18 12:13:00,2026-01-18 12:29:00,2026-01-20 12:29:00
ORD0054,CUST025,3000.0,3000.0,3000.0,TXN0054,BNK1054,MATCHED,100.0,0.0,"Transaction fully matched and verified across order, gateway, and bank settlement.",2026-01-19 10:42:00,2026-01-19 11:12:00,2026-01-20 11:12:00
ORD0055,CUST026,999.0,999.0,999.0,TXN0055,BNK1055,MATCHED,100.0,0.0,"Transaction fully matched and verified across order, gateway, and bank settlement.",2026-01-19 08:29:00,2026-01-19 08:34:00,2026-01-20 08:34:00
ORD0056,CUST027,1499.0,1499.0,1469.02,TXN0056,BNK1056,AMOUNT_MISMATCH,75.0,29.98,Discrepancy detected between paid amount (1499.0) and bank received amount (1469.02).,2026-01-19 16:16:00,2026-01-19 16:39:00,2026-01-20 16:39:00
ORD0057,CUST028,1500.0,1500.0,1350.0,TXN0057,BNK1057,AMOUNT_MISMATCH,50.0,150.0,Discrepancy detected between paid amount (1500.0) and bank received amount (1350.0).,2026-01-20 12:10:00,2026-01-20 12:45:00,2026-01-21 12:45:00
ORD0058,CUST029,999.0,999.0,949.05,TXN0058,BNK1058,AMOUNT_MISMATCH,50.0,49.95,Discrepancy detected between paid amount (999.0) and bank received amount (949.05).,2026-01-20 16:19:00,2026-01-20 16:28:00,2026-01-21 16:28:00
ORD0059,CUST030,1499.0,1499.0,1349.1,TXN0059,BNK1059,AMOUNT_MISMATCH,50.0,149.9,Discrepancy detected between paid amount (1499.0) and bank received amount (1349.1).,2026-01-20 19:35:00,2026-01-20 19:53:00,2026-01-21 19:53:00
ORD0060,CUST001,3000.0,3000.0,2850.0,TXN0060,BNK1060,AMOUNT_MISMATCH,50.0,150.0,Discrepancy detected between paid amount (3000.0) and bank received amount (2850.0).,2026-01-21 13:13:00,2026-01-21 13:46:00,2026-01-23 13:46:00
ORD0061,CUST002,12000.0,12000.0,11760.0,TXN0061,BNK1061,AMOUNT_MISMATCH,75.0,240.0,Discrepancy detected between paid amount (12000.0) and bank received amount (11760.0).,2026-01-21 09:40:00,2026-01-21 09:58:00,2026-01-22 09:58:00
ORD0062,CUST003,3000.0,3000.0,2700.0,TXN0062,BNK1062,AMOUNT_MISMATCH,50.0,300.0,Discrepancy detected between paid amount (3000.0) and bank received amount (2700.0).,2026-01-21 20:08:00,2026-01-21 20:19:00,2026-01-23 20:19:00
ORD0063,CUST004,999.0,999.0,979.02,TXN0063,BNK1063,AMOUNT_MISMATCH,75.0,19.98,Discrepancy detected between paid amount (999.0) and bank received amount (979.02).,2026-01-22 08:07:00,2026-01-22 08:52:00,2026-01-23 08:52:00
ORD0064,CUST005,1499.0,1499.0,1469.02,TXN0064,BNK1064,AMOUNT_MISMATCH,75.0,29.98,Discrepancy detected between paid amount (1499.0) and bank received amount (1469.02).,2026-01-22 17:35:00,2026-01-22 18:03:00,2026-01-23 18:03:00
ORD0065,CUST006,499.0,499.0,449.1,TXN0065,BNK1065,AMOUNT_MISMATCH,50.0,49.9,Discrepancy detected between paid amount (499.0) and bank received amount (449.1).,2026-01-22 13:57:00,2026-01-22 14:20:00,2026-01-23 14:20:00
ORD0066,CUST007,12000.0,12000.0,-,TXN0066,-,MISSING_BANK_TRANSACTION,20.0,12000.0,Payment gateway transaction exists but no bank settlement credit was recorded.,2026-01-23 09:22:00,2026-01-23 10:02:00,-
ORD0067,CUST008,1499.0,1499.0,-,TXN0067,-,MISSING_BANK_TRANSACTION,20.0,1499.0,Payment gateway transaction exists but no bank settlement credit was recorded.,2026-01-23 10:51:00,2026-01-23 11:18:00,-
ORD0068,CUST009,4999.0,4999.0,-,TXN0068,-,MISSING_BANK_TRANSACTION,20.0,4999.0,Payment gateway transaction exists but no bank settlement credit was recorded.,2026-01-23 19:59:00,2026-01-23 20:26:00,-
ORD0069,CUST010,999.0,999.0,-,TXN0069,-,MISSING_BANK_TRANSACTION,20.0,999.0,Payment gateway transaction exists but no bank settlement credit was recorded.,2026-01-24 10:50:00,2026-01-24 11:15:00,-
ORD0070,CUST011,1500.0,1500.0,-,TXN0070,-,MISSING_BANK_TRANSACTION,20.0,1500.0,Payment gateway transaction exists but no bank settlement credit was recorded.,2026-01-24 11:12:00,2026-01-24 11:35:00,-
ORD0071,CUST012,2500.0,2500.0,-,TXN0071,-,MISSING_BANK_TRANSACTION,20.0,2500.0,Payment gateway transaction exists but no bank settlement credit was recorded.,2026-01-24 11:01:00,2026-01-24 11:27:00,-
ORD0072,CUST013,3000.0,3000.0,-,TXN0072,-,MISSING_BANK_TRANSACTION,20.0,3000.0,Payment gateway transaction exists but no bank settlement credit was recorded.,2026-01-25 09:49:00,2026-01-25 10:12:00,-
ORD0073,CUST014,4999.0,4999.0,-,TXN0073,-,MISSING_BANK_TRANSACTION,20.0,4999.0,Payment gateway transaction exists but no bank settlement credit was recorded.,2026-01-25 18:53:00,2026-01-25 18:55:00,-
ORD0074,CUST015,3000.0,3000.0,-,TXN0074,-,MISSING_BANK_TRANSACTION,20.0,3000.0,Payment gateway transaction exists but no bank settlement credit was recorded.,2026-01-25 10:37:00,2026-01-25 10:40:00,-
ORD0075,CUST016,4999.0,4999.0,-,TXN0075,-,MISSING_BANK_TRANSACTION,20.0,4999.0,Payment gateway transaction exists but no bank settlement credit was recorded.,2026-01-26 13:46:00,2026-01-26 14:14:00,-
ORD0076,CUST017,2500.0,-,-,-,-,MISSING_PAYMENT,15.0,2500.0,No payment record was logged for this customer order.,2026-01-26 14:57:00,-,-
ORD0077,CUST018,2500.0,-,-,-,-,MISSING_PAYMENT,15.0,2500.0,No payment record was logged for this customer order.,2026-01-26 08:33:00,-,-
ORD0078,CUST019,4999.0,-,-,-,-,MISSING_PAYMENT,15.0,4999.0,No payment record was logged for this customer order.,2026-01-27 18:58:00,-,-
ORD0079,CUST020,3000.0,-,-,-,-,MISSING_PAYMENT,15.0,3000.0,No payment record was logged for this customer order.,2026-01-27 19:57:00,-,-
ORD0080,CUST021,3000.0,-,-,-,-,MISSING_PAYMENT,15.0,3000.0,No payment record was logged for this customer order.,2026-01-27 13:25:00,-,-
ORD0081,CUST022,12000.0,-,-,-,-,MISSING_PAYMENT,15.0,12000.0,No payment record was logged for this customer order.,2026-01-28 14:42:00,-,-
ORD0082,CUST023,499.0,-,-,-,-,MISSING_PAYMENT,15.0,499.0,No payment record was logged for this customer order.,2026-01-28 14:35:00,-,-
ORD0083,CUST024,4999.0,-,-,-,-,MISSING_PAYMENT,15.0,4999.0,No payment record was logged for this customer order.,2026-01-28 14:50:00,-,-
ORD0084,CUST025,1500.0,-,-,-,-,MISSING_PAYMENT,15.0,1500.0,No payment record was logged for this customer order.,2026-01-29 18:13:00,-,-
ORD0085,CUST026,4999.0,-,-,-,-,MISSING_PAYMENT,15.0,4999.0,No payment record was logged for this customer order.,2026-01-29 16:42:00,-,-
ORD0086,CUST027,2500.0,2500.0,2500.0,TXN0086,BNK1086,DUPLICATE_TRANSACTION,40.0,0.0,Multiple payment attempts detected for Order ORD0086 (Txn: TXN0086).,2026-01-29 11:51:00,2026-01-29 12:01:00,2026-01-30 12:01:00
ORD0087,CUST028,999.0,999.0,999.0,TXN0087,BNK1087,DUPLICATE_TRANSACTION,40.0,0.0,Multiple payment attempts detected for Order ORD0087 (Txn: TXN0087).,2026-01-30 11:30:00,2026-01-30 12:00:00,2026-01-31 12:00:00
ORD0088,CUST029,12000.0,12000.0,12000.0,TXN0088,BNK1088,DUPLICATE_TRANSACTION,40.0,0.0,Multiple payment attempts detected for Order ORD0088 (Txn: TXN0088).,2026-01-30 19:44:00,2026-01-30 20:16:00,2026-01-31 20:16:00
ORD0089,CUST030,499.0,499.0,499.0,TXN0089,BNK1089,DUPLICATE_TRANSACTION,40.0,0.0,Multiple payment attempts detected for Order ORD0089 (Txn: TXN0089).,2026-01-30 10:41:00,2026-01-30 10:48:00,2026-01-31 10:48:00
ORD0090,CUST001,1500.0,1500.0,1500.0,TXN0090,BNK1090,DUPLICATE_TRANSACTION,40.0,0.0,Multiple payment attempts detected for Order ORD0090 (Txn: TXN0090).,2026-01-31 10:51:00,2026-01-31 10:55:00,2026-02-01 10:55:00
ORD0091,CUST002,1499.0,1499.0,1499.0,TXN0091,BNK1091,DUPLICATE_TRANSACTION,40.0,0.0,Multiple payment attempts detected for Order ORD0091 (Txn: TXN0091).,2026-01-31 09:29:00,2026-01-31 09:59:00,2026-02-02 09:59:00
ORD0092,CUST003,1500.0,1500.0,1500.0,TXN0092,BNK1092,DUPLICATE_TRANSACTION,40.0,0.0,Multiple payment attempts detected for Order ORD0092 (Txn: TXN0092).,2026-01-31 20:57:00,2026-01-31 21:37:00,2026-02-02 21:37:00
ORD0093,CUST004,1499.0,1499.0,1499.0,TXN0093,BNK1093,DATE_MISMATCH,80.0,0.0,Settlement lag of 14 days exceeds expected threshold of 3 days.,2026-02-01 16:28:00,2026-02-01 16:59:00,2026-02-15 16:59:00
ORD0094,CUST005,3000.0,3000.0,3000.0,TXN0094,BNK1094,DATE_MISMATCH,80.0,0.0,Settlement lag of 10 days exceeds expected threshold of 3 days.,2026-02-01 11:53:00,2026-02-01 12:27:00,2026-02-11 12:27:00
ORD0095,CUST006,3000.0,3000.0,3000.0,TXN0095,BNK1095,DATE_MISMATCH,80.0,0.0,Settlement lag of 10 days exceeds expected threshold of 3 days.,2026-02-01 15:04:00,2026-02-01 15:20:00,2026-02-11 15:20:00
ORD0096,CUST007,1499.0,1499.0,1499.0,TXN0096,BNK1096,DATE_MISMATCH,80.0,0.0,Settlement lag of 13 days exceeds expected threshold of 3 days.,2026-02-02 16:05:00,2026-02-02 16:15:00,2026-02-15 16:15:00
ORD0097,CUST008,2500.0,2500.0,2500.0,TXN0097,BNK1097,DATE_MISMATCH,80.0,0.0,Settlement lag of 10 days exceeds expected threshold of 3 days.,2026-02-02 10:45:00,2026-02-02 10:50:00,2026-02-12 10:50:00
ORD0098,CUST009,12000.0,12000.0,12000.0,TXN0098,BNK1098,DATE_MISMATCH,80.0,0.0,Settlement lag of 11 days exceeds expected threshold of 3 days.,2026-02-02 16:29:00,2026-02-02 16:33:00,2026-02-13 16:33:00
ORD0099,CUST010,499.0,499.0,499.0,TXN0099,BNK1099,REFERENCE_MISMATCH,75.0,0.0,Bank reference 'ERR-REF-TXN0099-WRONG' contains formatting errors or mismatch.,2026-02-03 20:37:00,2026-02-03 21:14:00,2026-02-05 21:14:00
ORD0100,CUST011,3000.0,3000.0,3000.0,TXN0100,BNK1100,REFERENCE_MISMATCH,75.0,0.0,Bank reference 'ERR-REF-TXN0100-WRONG' contains formatting errors or mismatch.,2026-02-03 08:22:00,2026-02-03 08:47:00,2026-02-04 08:47:00
ORD0101,CUST012,3000.0,3000.0,3000.0,TXN0101,BNK1101,REFERENCE_MISMATCH,75.0,0.0,Bank reference 'ERR-REF-TXN0101-WRONG' contains formatting errors or mismatch.,2026-02-03 15:14:00,2026-02-03 15:42:00,2026-02-04 15:42:00
ORD0102,CUST013,12000.0,12000.0,12000.0,TXN0102,BNK1102,REFERENCE_MISMATCH,75.0,0.0,Bank reference 'ERR-REF-TXN0102-WRONG' contains formatting errors or mismatch.,2026-02-04 14:21:00,2026-02-04 14:32:00,2026-02-05 14:32:00
ORD0103,CUST014,499.0,499.0,499.0,TXN0103,BNK1103,REFERENCE_MISMATCH,75.0,0.0,Bank reference 'ERR-REF-TXN0103-WRONG' contains formatting errors or mismatch.,2026-02-04 17:34:00,2026-02-04 18:00:00,2026-02-05 18:00:00
ORD0104,CUST015,12000.0,12000.0,12000.0,TXN0104,BNK1104,REFERENCE_MISMATCH,75.0,0.0,Bank reference 'ERR-REF-TXN0104-WRONG' contains formatting errors or mismatch.,2026-02-04 09:41:00,2026-02-04 09:50:00,2026-02-05 09:50:00
ORD0105,CUST016,12000.0,12000.0,12000.0,TXN0105,BNK1105,REFERENCE_MISMATCH,75.0,0.0,Bank reference 'ERR-REF-TXN0105-WRONG' contains formatting errors or mismatch.,2026-02-05 08:16:00,2026-02-05 08:37:00,2026-02-07 08:37:00
ORD0106,CUST017,12000.0,6000.0,6000.0,TXN0106,BNK1106,PARTIAL_PAYMENT,70.0,6000.0,Paid amount (6000.0) is less than order expected amount (12000.0).,2026-02-05 13:21:00,2026-02-05 13:39:00,2026-02-07 13:39:00
ORD0107,CUST018,499.0,249.5,249.5,TXN0107,BNK1107,PARTIAL_PAYMENT,70.0,249.5,Paid amount (249.5) is less than order expected amount (499.0).,2026-02-05 09:30:00,2026-02-05 10:05:00,2026-02-07 10:05:00
ORD0108,CUST019,999.0,499.5,499.5,TXN0108,BNK1108,PARTIAL_PAYMENT,70.0,499.5,Paid amount (499.5) is less than order expected amount (999.0).,2026-02-06 11:41:00,2026-02-06 12:23:00,2026-02-07 12:23:00
ORD0109,CUST020,499.0,249.5,249.5,TXN0109,BNK1109,PARTIAL_PAYMENT,70.0,249.5,Paid amount (249.5) is less than order expected amount (499.0).,2026-02-06 11:12:00,2026-02-06 11:52:00,2026-02-07 11:52:00
ORD0110,CUST021,999.0,499.5,499.5,TXN0110,BNK1110,PARTIAL_PAYMENT,70.0,499.5,Paid amount (499.5) is less than order expected amount (999.0).,2026-02-06 10:30:00,2026-02-06 11:07:00,2026-02-08 11:07:00
ORD0111,CUST022,4999.0,2499.5,2499.5,TXN0111,BNK1111,PARTIAL_PAYMENT,70.0,2499.5,Paid amount (2499.5) is less than order expected amount (4999.0).,2026-02-07 19:16:00,2026-02-07 19:27:00,2026-02-08 19:27:00
ORD0112,CUST023,1499.0,749.5,749.5,TXN0112,BNK1112,PARTIAL_PAYMENT,70.0,749.5,Paid amount (749.5) is less than order expected amount (1499.0).,2026-02-07 20:52:00,2026-02-07 21:12:00,2026-02-08 21:12:00
UNLINKED_BANK_TXN,UNKNOWN,0.0,-,3607.76,UNEXPECTED-REF-113,BNK1113,UNRESOLVED,10.0,3607.76,Unlinked bank credit of 3607.76 with ref 'UNEXPECTED-REF-113' has no matching order.,-,-,2026-01-24 00:00:00
UNLINKED_BANK_TXN,UNKNOWN,0.0,-,4021.86,UNEXPECTED-REF-114,BNK1114,UNRESOLVED,10.0,4021.86,Unlinked bank credit of 4021.86 with ref 'UNEXPECTED-REF-114' has no matching order.,-,-,2026-01-24 00:00:00
UNLINKED_BANK_TXN,UNKNOWN,0.0,-,3413.94,UNEXPECTED-REF-115,BNK1115,UNRESOLVED,10.0,3413.94,Unlinked bank credit of 3413.94 with ref 'UNEXPECTED-REF-115' has no matching order.,-,-,2026-01-22 00:00:00
UNLINKED_BANK_TXN,UNKNOWN,0.0,-,3360.13,UNEXPECTED-REF-116,BNK1116,UNRESOLVED,10.0,3360.13,Unlinked bank credit of 3360.13 with ref 'UNEXPECTED-REF-116' has no matching order.,-,-,2026-01-17 00:00:00
UNLINKED_BANK_TXN,UNKNOWN,0.0,-,4136.9,UNEXPECTED-REF-117,BNK1117,UNRESOLVED,10.0,4136.9,Unlinked bank credit of 4136.9 with ref 'UNEXPECTED-REF-117' has no matching order.,-,-,2026-01-25 00:00:00
UNLINKED_BANK_TXN,UNKNOWN,0.0,-,4332.71,UNEXPECTED-REF-118,BNK1118,UNRESOLVED,10.0,4332.71,Unlinked bank credit of 4332.71 with ref 'UNEXPECTED-REF-118' has no matching order.,-,-,2026-01-16 00:00:00
UNLINKED_BANK_TXN,UNKNOWN,0.0,-,629.15,UNEXPECTED-REF-119,BNK1119,UNRESOLVED,10.0,629.15,Unlinked bank credit of 629.15 with ref 'UNEXPECTED-REF-119' has no matching order.,-,-,2026-01-16 00:00:00
UNLINKED_BANK_TXN,UNKNOWN,0.0,-,1758.46,UNEXPECTED-REF-120,BNK1120,UNRESOLVED,10.0,1758.46,Unlinked bank credit of 1758.46 with ref 'UNEXPECTED-REF-120' has no matching order.,-,-,2026-01-16 00:00:00
